민서연,20190001,EE,MAS,KR,F,010-7683-7897,,,,,
김서운,20190002,EE,MAS,KR,F,010-1762-8693,,,,,
이지우,20190003,EE,MAS,KR,F,010-3196-5659,,,,,
박서현,20190004,EE,MAS,KR,F,010-8098-4327,,,,,
도민준,20190005,EE,MAS,KR,M,010-8627-3402,,,,,
김서준,20190006,EE,MAS,KR,M,010-3483-6572,,,,,
조주원,20190007,EE,MAS,KR,M,010-2020-8152,,,,,
이시우,20190008,EE,MAS,KR,M,010-3454-3949,,,,,
김지후,20190009,EE,MAS,KR,M,010-2685-2297,,,,,
임민서,20190010,EE,,KR,F,010-2966-2639,,,,,
임하은,20190011,EE,,KR,F,010-5639-3190,,,,,
이하윤,20190012,EE,,KR,F,010-8894-9340,,,,,
하윤서,20190013,EE,,KR,F,010-9889-6814,,,,,
허지민,20190014,EE,,KR,F,010-8497-4867,,,,,
서지호,20190015,EE,,KR,M,010-5037-2416,,,,,
서준서,20190016,EE,,KR,M,010-7886-7025,,,,,
김하준,20190017,EE,,KR,M,010-1598-2951,,,,,
김현우,20190018,EE,,KR,M,010-2054-4192,,,,,
박준우,20190019,EE,,KR,M,010-3643-3038,,,,,
김지훈,20190020,EE,,KR,M,010-9114-6088,,,,,
이도현,20190021,EE,,KR,M,010-4407-6996,,,,,
강건우,20190022,EE,,KR,M,010-9865-8412,,,,,
김우진,20190023,EE,,KR,M,010-4983-1559,,,,,
조현준,20190024,EE,,KR,M,010-4766-1461,,,,,
김민재,20190025,EE,,KR,M,010-1810-9833,,,,,
임선우,20190026,EE,CS,KR,M,010-6587-4464,,,,,
김서진,20190027,EE,CS,KR,M,010-8677-2884,,,,,
김연우,20190028,EE,CS,KR,M,010-4134-3722,,,,,
하정우,20190029,EE,CS,KR,M,010-9595-1452,,,,,
이승현,20190030,EE,CS,KR,M,010-6286-5739,,,,,
이지유,20190031,EE,CS,KR,F,010-2713-2305,,,,,
서채원,20190032,EE,CS,KR,F,010-5214-5786,,,,,
백지윤,20190033,EE,CS,KR,F,010-4023-1594,,,,,
박은서,20190034,EE,,KR,F,010-3052-6910,,,,,
채수아,20190035,EE,,KR,F,010-1133-5437,,,,,
백다은,20190036,EE,,KR,F,010-6575-8205,,,,,
박예은,20190037,CS,,KR,F,010-3995-4161,,,,,
이수빈,20190038,CS,,KR,F,010-3170-4016,,,,,
이준혁,20190039,CS,,KR,M,010-6112-3697,,,,,
신유준,20190040,CS,,KR,M,010-1101-8548,,,,,
심승우,20190041,CS,,KR,M,010-6381-9484,,,,,
강지환,20190042,CS,,KR,M,010-2788-8016,,,,,
백승민,20190043,CS,,KR,M,010-3338-3243,,,,,
이시윤,20190044,CS,,KR,M,010-3881-9888,,,,,
박민성,20190045,CS,,KR,M,010-6223-9145,,,,,
김지우,20190046,CS,,KR,M,010-4881-5495,,,,,
백유찬,20190047,CS,,KR,M,010-3539-8283,,,,,
임준영,20190048,CS,,KR,M,010-4749-9156,,,,,
이진우,20190049,CS,,KR,M,010-3414-5122,,,,,
이시후,20190050,CS,,KR,M,010-8186-2502,,,,,
강예원,20190051,CS,,KR,F,010-8081-3208,,,,,
서지아,20190052,CS,,KR,F,010-1550-1694,,,,,
신소율,20190053,CS,,KR,F,010-8863-1147,,,,,
서지원,20190054,CS,,KR,F,010-3812-2403,,,,,
조소윤,20190055,CS,,KR,F,010-2279-9402,,,,,
성유진,20190056,CS,,KR,F,010-1890-6836,,,,,
성시은,20190057,CS,,KR,F,010-2901-3575,,,,,
김가은,20190058,CS,MAS,KR,F,010-4984-7524,,,,,
김채은,20190059,CS,MAS,KR,F,010-4646-1644,,,,,
박서영,20190060,CS,MAS,KR,F,010-3152-8812,,,,,
차은우,20190061,CS,MAS,KR,M,010-9577-6531,,,,,
차수현,20190062,CS,MAS,KR,M,010-3377-9340,,,,,
박윤우,20190063,CS,MAS,KR,M,010-8456-9970,,,,,
김동현,20190064,CS,MAS,KR,M,010-4741-1289,,,,,
김재윤,20190065,CS,MAS,KR,M,010-2168-7239,,,,,
김민규,20190066,CS,EE,KR,M,010-1366-2147,,,,,
윤시현,20190067,CS,EE,KR,M,010-1291-8368,,,,,
박태윤,20190068,CS,EE,KR,M,010-5279-5872,,,,,
윤재원,20190069,CS,EE,KR,M,010-6362-6431,,,,,
김민우,20190070,CS,EE,KR,M,010-1200-7280,,,,,
김재민,20190071,CS,EE,KR,M,010-5670-7253,,,,,
서은찬,20190072,CS,EE,KR,M,010-8384-4311,,,,,
박한결,20190073,CS,EE,KR,M,010-9598-4112,,,,,
김민지,20190074,CS,EE,KR,F,010-5872-9329,,,,,
김윤아,20190075,CS,EE,KR,F,010-3334-6863,,,,,
이지안,20190076,CS,,KR,F,010-3077-7893,,,,,
